date,category,avg_price,competitor_price,promo_depth,promo_share,feature_display,distribution_acv,tv_grps,digital_spend,avg_temp_c,cpi_food,consumer_confidence
2026-08-16,Baby Formula,33.28869785816473,,8.845496455492796,14.17187679494809,,83.2999740712757,42.57067459680349,66.97857251039622,22.271843828503826,,105.44921398736795
2026-08-23,Baby Formula,33.26693100779916,,8.838746971139235,14.013901795500232,,83.45565933827842,33.742083065341355,64.29171335178084,21.919662118928724,,105.4420009285823
2026-08-30,Baby Formula,33.26918026990094,,8.726218654929703,14.191607261853342,,83.41368260562409,30.01624102430644,68.47422735279571,21.32616979125758,,105.41371334278061
2026-09-06,Baby Formula,33.300726598866135,,8.446082818278438,14.56237918570615,,83.18713082836558,34.03791530246964,76.24931082552175,20.351093645251638,,105.43365811237608
2026-09-13,Baby Formula,33.34517350570632,,8.06495538609221,14.912007315754416,,82.88349023650473,44.7234427684085,80.96941688183975,19.101921277380885,,105.54325644758725
2026-09-20,Baby Formula,33.37672227159492,,7.73574384144515,15.116928832813224,,82.65118784298333,58.40796313908235,77.9439395799162,17.848573772202236,,105.71334579494996
2026-09-27,Baby Formula,33.38139513726309,,7.585048045653927,15.206328695914744,,82.60280962825678,71.29763744379123,68.28185234120662,16.80400499310955,,105.86907728373917
2026-10-04,Baby Formula,33.369864358396526,,7.621531662288698,15.27319639287768,,82.75547828123402,81.21424248811374,58.130389279042454,15.951234562701252,,105.9581568477457
2026-10-11,Baby Formula,33.36969017396722,,7.743266390716309,15.336523952224931,,83.02229295890065,87.429678487682,53.94732895350826,15.060917411372172,,105.99726775738888
2026-10-18,Baby Formula,33.401230944474094,,7.841232248254532,15.312215878909365,,83.26246246796649,89.2156911311614,57.63455636256889,13.887958719295806,,106.05168469698948
2026-10-25,Baby Formula,33.45615311945059,,7.912831783295684,15.146797614417833,,83.36339435882456,84.98313373049652,65.38739689110048,12.388064597925414,,106.1660936499901
2026-11-01,Baby Formula,33.49757172586494,,8.083987913056944,14.994265356252667,,83.30572948358065,73.3816992925104,71.02314879273791,10.777062795413524,,106.31237758337143
2026-11-08,Baby Formula,33.48494323663644,,8.508232161355728,15.23710232411401,,83.16932927626193,55.78876331284059,70.94191687439087,9.382674476879224,,106.4072959077248
2026-11-15,Baby Formula,33.40679090745155,,9.213098997287464,16.259566883954356,,83.07464271696662,37.8832587324225,66.6963261078611,8.406322682919285,,106.38901039028579
2026-11-22,Baby Formula,33.29627575038591,,10.015947356877037,18.101641414975074,,83.0980686765871,28.131448700393793,63.271232034168605,7.784268024448162,,106.28364723539724
2026-11-29,Baby Formula,33.2158083314023,,10.58807219120688,20.26815877200198,,83.22054946928652,33.213469698509314,64.73218637351208,7.255368155810187,,106.19606304145154
2026-12-06,Baby Formula,33.21946326082993,,10.637546718295436,21.896023280027133,,83.34747962420174,53.11234069110315,70.9236606452797,6.575896993082091,,106.22423483790399
2026-12-13,Baby Formula,33.318755293093446,,10.090126520688534,22.22496360236638,,83.38663882689872,79.55188937307082,77.80896000638155,5.707153912758113,,106.36849411647817
2026-12-20,Baby Formula,33.475390793726746,,9.144060153630486,21.069242214785003,,83.32575151424436,99.63923740829946,80.90673207763257,4.830642023825542,,106.51955813721082
2026-12-27,Baby Formula,33.625383390628535,,8.161752367474985,18.95428856637535,,83.24805212339773,103.01759386156917,78.79694523670503,4.19032449023733,,106.54628506834638
2027-01-03,Baby Formula,33.717079014660776,,7.472975785814715,16.80667001640383,,83.26909930547093,88.11381591979446,73.85542048486404,3.9000864631989263,,106.41573218930499
2027-01-10,Baby Formula,33.73738832080739,,7.2183246958067855,15.40513248242663,,83.43973285012731,63.29614308629617,69.90202939483714,3.8742609285416645,,106.2414057259043
2027-01-17,Baby Formula,33.711074047711826,,7.322550554781699,14.96984592838419,,83.69104998470061,41.97144969264319,69.03743977223398,3.9288105684011683,,106.20760328918696
2027-01-24,Baby Formula,33.67801832910757,,7.591286675815868,15.155321031730402,,83.87045938799774,34.66669911032194,70.40065697451071,3.956933370493209,,106.42037505006586
2027-01-31,Baby Formula,33.6673279173189,,7.846326554071514,15.408505924342958,,83.84983180154872,43.129927119609185,71.65929895505842,4.025931137767129,,106.80402296687498
2027-02-07,Baby Formula,33.685459715827605,,8.00763206948342,15.394950928858195,,83.62806133670456,60.05970973952712,71.5684986980788,4.315724208987286,,107.1350392824845
2027-02-14,Baby Formula,33.721818211305894,,8.088245968387692,15.178169187056552,,83.34788723505905,74.27986176165855,71.11477283093622,4.956578372991254,,107.19913911260102
2027-02-21,Baby Formula,33.76194384268215,,8.136879341325711,15.059439467571071,,83.20652651907899,77.7027975633771,72.24413095130586,5.907027798440649,,106.95540444119361
2027-02-28,Baby Formula,33.79587802695576,,8.188380097022439,15.257368294153375,,83.31924667221237,69.60609873552482,75.52052635992891,6.974807423374769,,106.57868140770586
2027-03-07,Baby Formula,33.81761081181889,,8.25415074223842,15.709936358615778,,83.63430900794647,55.92801828394232,79.08974233472576,7.960641465072846,,106.34163284075437
2027-03-14,Baby Formula,33.82149019164098,,8.338139605109866,16.14722444403808,,83.96458335745925,44.72040714591029,80.09028897212524,8.803449857466575,,106.42172586660934
2027-03-21,Baby Formula,33.80355394263388,,8.44407013122825,16.339603865636118,,84.11748006720444,41.1500498868294,77.298072798789,9.609715424512835,,106.77752226576487
2027-03-28,Baby Formula,33.7686243463157,,8.560035489626362,16.284782708628825,,84.03179833711134,45.170777628420645,72.50698301922331,10.550797790724136,,107.18538645669794
2027-04-04,Baby Formula,33.73535806855051,,8.641324268753886,16.170643627458354,,83.82255185091871,52.755675396765966,69.1810501447856,11.72020701204647,,107.40437500115387
2027-04-11,Baby Formula,33.73048669602267,,8.62294238501307,16.16350990155345,,83.69976639360226,59.18737002517292,69.4037475567521,13.067261711816316,,107.34149132322491
2027-04-18,Baby Formula,33.77221295734585,,8.466714662318225,16.230844946933846,,83.81777072639278,61.95742871256014,71.84984808948413,14.44936565282504,,107.09590844448124
2027-04-25,Baby Formula,33.85375172479372,,8.20901745013062,16.17343585283584,,84.16159697902413,61.63972158696849,72.78663529135112,15.74259747347868,,106.86052148701367
2027-05-02,Baby Formula,33.94098317339922,,7.963415102852489,15.847308200103532,,84.55061478088355,60.73646005059222,69.4756519648096,16.909711918698036,,106.76970292659588
2027-05-09,Baby Formula,33.98919782133447,,7.863713103697998,15.374034744322852,,84.75645248412526,61.68421454536373,63.07216977905635,17.976539172705092,,106.81558667011835
2027-05-16,Baby Formula,33.96942597150027,,7.982989692670579,15.132611628625758,,84.653030249433,65.33033220655047,58.29728794988603,18.95870041302729,,106.88957586483642
2027-05-23,Baby Formula,33.886608330870935,,8.288830994393622,15.506487267126712,,84.29694720300779,70.53417993908911,59.80387787347361,19.824294032308963,,106.89994921318926
2027-05-30,Baby Formula,33.77700282296772,,8.669815831442326,16.57327714260525,,83.88770905981389,74.81276235227318,68.0901235468056,20.535119334403184,,106.858751753661
2027-06-06,Baby Formula,33.68702925243684,,9.012080010030033,17.988254356848838,,83.64012583158697,75.5800703377705,78.46583334649613,21.121998403241125,,106.8657336496266
2027-06-13,Baby Formula,33.648612659372674,,9.264904044994594,19.167944110087852,,83.65685116042933,71.47122293851734,84.23021049815263,21.70439634359141,,107.00968121349925
2027-06-20,Baby Formula,33.66708605268057,,9.445602830151078,19.644827486230433,,83.88183046665414,63.241969185740835,81.72538069660341,22.409255680902298,,107.27749461199062
2027-06-27,Baby Formula,33.726777037300884,,9.587514994253059,19.331926055690683,,84.15578772650889,53.74733058131807,73.22022505629977,23.242682226527048,,107.55115798102436
2027-07-04,Baby Formula,33.80604776864879,,9.684238992223934,18.51332114579845,,84.32766939507252,46.75063710096937,65.19101244338468,24.029632850165832,,107.69478272703775
2027-07-11,Baby Formula,33.88860770867427,,9.684784817923186,17.595191951870717,,84.346061434066,44.93140909374131,63.27212732885436,24.496679016535126,,107.65718593175443
2027-07-18,Baby Formula,33.96438986426051,,9.545923040965969,16.82968191863927,,84.27658460621215,48.156228930686524,67.91133611101704,24.455743333873905,,107.50490431641242
2027-07-25,Baby Formula,34.02426446935146,,9.292341839799063,16.219857664551483,,84.24393925713777,53.239487258907054,74.24724597290472,23.95050483659153,,107.36220527580987
2027-08-01,Baby Formula,34.05806189244365,,9.023010283541801,15.644068690162177,,84.34313157571333,55.6674534127369,76.29348413349362,23.24063505468976,,107.3130542269217
2027-08-08,Baby Formula,34.060394859954634,,8.847067785616957,15.054571798003225,,84.57671808150803,52.42715330123539,71.97273236033293,22.621392389580606,,107.34786697928716
2027-08-15,Baby Formula,34.03891846119668,,8.7972565564392,14.562412303529118,,84.85234521478577,44.129667557289295,64.83521679622196,22.21124045087435,,107.39410353972141
2027-08-22,Baby Formula,34.014925625604384,,8.79587455180011,14.343120267002277,,85.03674451628044,34.89771878770655,61.03451576575315,21.87402741340738,,107.39558210450572
2027-08-29,Baby Formula,34.011856143158354,,8.71005614697189,14.466781815612677,,85.03219978222333,29.96536267210122,64.0675859586992,21.34025350393856,,107.36633000952114
2027-09-05,Baby Formula,34.038815555672784,,8.458715119935063,14.819001378700708,,84.83298559999186,32.57771667352364,71.6558668487665,20.43263890068822,,107.37292492466767
2027-09-12,Baby Formula,34.08285000365854,,8.08561283127882,15.185799655776265,,84.53242769413106,42.29769127447305,77.39284247951987,19.214759707991426,,107.4665427432891
2027-09-19,Baby Formula,34.11833229129726,,7.735488626016326,15.418410709696118,,84.27710397196917,55.75332965580347,75.85609993740579,17.941836584119688,,107.6308080407211
2027-09-26,Baby Formula,34.12775972019613,,7.548297034883974,15.52147735044916,,84.19140953985229,69.00067597910382,67.0262829662204,16.8535515939133,,107.79450574336575
2027-10-03,Baby Formula,34.11732601876557,,7.556607602455889,15.58748547317396,,84.31190640278021,79.527310901503,56.42189750984266,15.979088889935602,,107.89640306533471
2027-10-10,Baby Formula,34.113064466457566,,7.67265138485154,15.655586405614795,,84.56812380540805,86.43696235519033,50.85890171659837,15.116278396512039,,107.94027366821364
2027-10-17,Baby Formula,34.138569721287,,7.7791421102966805,15.65434692687738,,84.82321394639449,89.10764587625425,53.27742383599431,14.004856829371981,,107.98710603971145
2027-10-24,Baby Formula,34.19140835662778,,7.849224285959656,15.510463203229142,,84.95360429824117,86.08529750573524,60.75641326468886,12.554117047219894,,108.09053519245525
2027-10-31,Baby Formula,34.23855954065397,,7.990106137806572,15.33253956531914,,84.92080671748552,75.81060048727085,67.16538182328206,10.93902117672728,,108.23645139780473
2027-11-07,Baby Formula,34.237625358562354,,8.361684001751614,15.472120111989765,,84.78968323251125,58.99631604035844,68.14133413053172,9.484678371341598,,108.34684995061839
2027-11-14,Baby Formula,34.17000848059849,,9.023704500001761,16.338344872307413,,84.679657662541,40.559011021166,64.32147375820186,8.430368193950269,,108.34981538649608
2027-11-21,Baby Formula,34.0611144728856,,9.830927470907763,18.054876033722994,,84.680457856263,28.73694631921004,60.365758952218066,7.760890053357266,,108.25376944799282
2027-11-28,Baby Formula,33.97052850892057,,10.469500023086443,20.22119117808355,,84.79082197378003,30.929909272029608,60.82485485883115,7.236867509804328,,108.15420571520929
2027-12-05,Baby Formula,33.95679961788716,,10.625706860688295,22.01118029147566,,84.92500303758654,48.56990650416237,66.38958490738464,6.594428361774753,,108.15809242733884
2027-12-12,Baby Formula,34.04054872561654,,10.177619081116195,22.606651891608685,,84.98372029416522,74.73772068794145,73.52211143452898,5.751185328675042,,108.28714370765006
2027-12-19,Baby Formula,34.191386932748784,,9.278479322222575,21.696296172532726,,84.93691612396422,96.89279428047907,77.51878415962838,4.857150450327566,,108.44765767158903
2027-12-26,Baby Formula,34.34718437663507,,8.274892665117196,19.689436669302598,,84.85339766813092,103.67545453172292,76.25704817732388,4.160621488890881,,108.50312983801598
2028-01-02,Baby Formula,34.45151787281125,,7.516734504259731,17.479082786745145,,84.85005670573086,91.67559213555103,71.53734263271377,3.808860558486515,,108.39626732285501
2028-01-09,Baby Formula,34.48363502022612,,7.184590843062085,15.909361000344596,,84.99549150511459,67.69046666969615,67.17108033652309,3.748782206610656,,108.21646105940982
2028-01-16,Baby Formula,34.46277735960711,,7.237395601406502,15.313771321433824,,85.24234856786674,44.78461752852748,65.73858837063649,3.80113029925206,,108.14557206275758
2028-01-23,Baby Formula,34.42821466674219,,7.491857030131281,15.429175533476606,,85.4463324419744,34.55466335679543,66.86725977510253,3.8341637605806493,,108.31417105525051
2028-01-30,Baby Formula,34.41239268364182,,7.758448166439958,15.70547883878836,,85.46603364281528,40.520404097871165,68.29592663279752,3.8840161847286208,,108.68101814266674
2028-02-06,Baby Formula,34.425831250665766,,7.9375966655857635,15.746003700245728,,85.27322196832499,56.74048538744962,68.43417799095752,4.121169120898362,,109.03992700601026
2028-02-13,Baby Formula,34.46004679691268,,8.029235029035311,15.54619652239955,,84.9888048438317,72.2083596878876,67.89910589606271,4.696768631486881,,109.16120013752882
2028-02-20,Baby Formula,34.500397164952474,,8.080257241889377,15.387562125085758,,84.81017257697204,77.84485008853488,68.63774090164414,5.603124910974598,,108.96510704478463
2028-02-27,Baby Formula,34.53593647806703,,8.12989145956565,15.524778169393423,,84.87618607051971,71.51621168063151,71.6019939712489,6.666656161751936,,108.59246944141991
2028-03-05,Baby Formula,34.56024751033038,,8.19283632745028,15.94851637398571,,85.16626631764963,58.23190571111395,75.33382650981716,7.6768340124548855,,108.31232735314207
2028-03-12,Baby Formula,34.567727354366006,,8.273200954863656,16.40999310753589,,85.50985293385042,46.06949475501717,76.96192399913355,8.541462601723154,,108.33200797998033
2028-03-19,Baby Formula,34.553693010266315,,8.37532587660004,16.65377017553594,,85.70401655963884,40.986000281111906,74.8007758192921,9.341561541658441,,108.65142961129149
2028-03-26,Baby Formula,34.52082954321652,,8.491764126561343,16.632550670817434,,85.65718690753037,43.86979646473631,70.1239489835725,10.247913288897877,,109.06973809982014
2028-04-02,Baby Formula,34.4853642197763,,8.58389771697788,16.513021360393086,,85.45549223831233,51.190833931133106,66.30349837667222,11.37617249269287,,109.33502441021746
2028-04-09,Baby Formula,34.47358358122443,,8.587644007027084,16.482426849243765,,85.30234752873827,58.10115915941145,65.88525373723489,12.700711623134255,,109.32013198575457
2028-04-16,Baby Formula,34.50662445993646,,8.455903638350774,16.548491269682245,,85.3728408734668,61.565928015510664,68.1757055083966,14.087560770151473,,109.09368543033058
2028-04-23,Baby Formula,34.582887546136625,,8.209776992956412,16.52901518614842,,85.68585811668683,61.64628812663943,69.66174242445612,15.402098223300511,,108.84316583081707
2028-04-30,Baby Formula,34.67241184697029,,7.951700048065532,16.251117077524047,,86.08425993587007,60.64152064353159,67.15530139135183,16.59075149520491,,108.72284750536619
2028-05-07,Baby Formula,34.73050532315921,,7.817886744471476,15.7815319101934,,86.33668812686147,61.1386194335735,61.02690686516513,17.673137733799027,,108.7507591474445
2028-05-14,Baby Formula,34.72358791329277,,7.897321756547375,15.466241192269422,,86.28978207430859,64.33277543508275,55.55641687702632,18.671494485663715,,108.82854775159159
2028-05-21,Baby Formula,34.650070122319406,,8.176602161736247,15.712534175831262,,85.96692922326875,69.41614506554224,55.74661526287896,19.56155291636376,,108.8528337311095
2028-05-28,Baby Formula,34.54178249331752,,8.553553549506296,16.66946550606321,,85.5499308201502,74.06487835918662,63.036614299888065,20.30054790840874,,108.81503777241026
2028-06-04,Baby Formula,34.44528167790449,,8.908750438880052,18.062511946230263,,85.26149843235203,75.61012463826445,73.53895263182157,20.90284517436444,,108.80507037062962
2028-06-11,Baby Formula,34.396481737566226,,9.177776730061442,19.326546302343274,,85.23076288331708,72.38387009685611,80.54340190678528,21.47524868727514,,108.92191983250171
2028-06-18,Baby Formula,34.40552039833345,,9.36848072715922,19.947921084203013,,85.42860305009208,64.73251065619056,79.52478939114789,22.152814838270814,,109.17400718299395
2028-06-25,Baby Formula,34.45946739629269,,9.51619294198399,19.76357317820524,,85.70664308659057,55.19029312818424,71.68111766385353,22.971120256361495,,109.45760046161219
2028-07-02,Baby Formula,34.53666282468501,,9.623880009067665,19.004843398934717,,85.90411978072585,47.491993779419516,63.05609162379094,23.785725084770164,,109.63164040407581
2028-07-09,Baby Formula,34.61949375971519,,9.645926803953056,18.078903331166003,,85.94807134242195,44.662567114013854,59.83261055598985,24.32871521898786,,109.62459466766774
2028-07-16,Baby Formula,34.69711438457515,,9.532623501235243,17.279333415238753,,85.88569206483263,47.14435689167407,63.5405921317425,24.382883349081425,,109.48403950293721
2028-07-23,Baby Formula,34.76058002820687,,9.293913822057256,16.649783378389856,,85.83753840958003,52.22360059476524,70.05394346891622,23.946083802850904,,109.3311610931034
2028-07-30,Baby Formula,34.79968866240939,,9.018469680753032,16.075710292532644,,85.9099228455532,55.427150947220774,73.18147048426997,23.249030343674377,,109.26324233140957
2028-08-06,Baby Formula,34.80753103397622,,8.82031924262204,15.484780111347934,,86.12400018604079,53.27236846230517,69.88455535934605,22.597665927756022,,109.28751997277193
2026-08-16,Ground Coffee,10.440094378503286,10.191096608844704,17.675789850728115,30.188355050926706,16.151433689359507,90.7716255863621,50.23490575593407,60.423476780723476,,,105.44921398736795
2026-08-23,Ground Coffee,10.470055406369886,10.189148408317463,17.695608324899545,29.038406593047256,15.201563559180164,91.0657302596915,49.460430626872224,66.9515208701572,,,105.4420009285823
2026-08-30,Ground Coffee,10.492156379828929,10.221510097810942,17.570821905078667,28.27972141904018,14.79762884935938,91.09512287948442,40.078205946400935,70.80662143333231,,,105.41371334278061
2026-09-06,Ground Coffee,10.499182724154831,10.274182286626369,17.421038474320106,27.720574529071904,15.05323723652413,90.84626581783735,25.884586172786555,70.59983028762917,,,105.43365811237608
2026-09-13,Ground Coffee,10.47491093845443,10.313451863391517,17.528194275310266,27.67213082841057,15.719380220391194,90.52004784353194,13.184941288733903,67.37853515104881,,,105.54325644758725
2026-09-20,Ground Coffee,10.41074551054357,10.312015119111773,18.05156940535159,28.689111692120505,16.33184193766937,90.3788073325965,7.36475988307323,63.507858591788896,,,105.71334579494996
2026-09-27,Ground Coffee,10.32280869492782,10.27264418046902,18.81488131305331,30.9003712492552,16.5098833100101,90.54254976864802,10.025902876388546,60.88316804018011,,,105.86907728373917
2026-10-04,Ground Coffee,10.251755370344855,10.228465254088269,19.36804461602762,33.56604930102413,16.188281678686778,90.89573321475119,18.416664821323977,59.87587995174101,,,105.9581568477457
2026-10-11,Ground Coffee,10.23960009564881,10.217221082076234,19.311236699796485,35.37135556024726,15.632147161234938,91.1791606508588,27.435038024011615,59.68394178671776,,,105.99726775738888
2026-10-18,Ground Coffee,10.29751052008024,10.249022651482512,18.644955370721156,35.34942649943983,15.258273128700244,91.19364733869126,32.83805089631545,59.55599609396701,,,106.05168469698948
2026-10-25,Ground Coffee,10.389512751349592,10.294301188794524,17.861336610314623,33.731224035704635,15.414727506845765,90.95332269557429,33.56244359425688,59.69050525753155,,,106.1660936499901
2026-11-01,Ground Coffee,10.448600180437955,10.3038329052294,17.670253113275507,31.977473067859364,16.25517489196684,90.6687244745199,31.750930928899724,61.00066869761561,,,106.31237758337143
2026-11-08,Ground Coffee,10.41843920782372,10.246994759699174,18.52888329060905,31.84104195108631,17.726126350247014,90.57781576155566,30.689748977411167,64.00352417611802,,,106.4072959077248
2026-11-15,Ground Coffee,10.293167527711196,10.13865619772223,20.30318004358272,34.08487676409871,19.59229032690043,90.76344528466953,32.25562183762069,67.8992150999781,,,106.38901039028579
2026-11-22,Ground Coffee,10.12647559312054,10.032733819378967,22.306475018657878,37.80897713904496,21.445780625204076,91.1013854757134,35.67949738590042,70.76135181343881,,,106.28364723539724
2026-11-29,Ground Coffee,10.001636734477632,9.986027413580732,23.693853641329184,40.93023980901648,22.741585449885733,91.37248071775687,38.368605722380224,70.79606568848419,,,106.19606304145154
2026-12-06,Ground Coffee,9.981751119984501,10.019278073349358,23.94171784161535,41.51160688863749,22.94980184303666,91.4393175275319,38.013727494229514,67.68008752591605,,,106.22423483790399
2026-12-13,Ground Coffee,10.073533028324242,10.104711673253245,23.0950519849459,39.0077091789865,21.831799466390592,91.34163888440045,34.355693459079156,62.87300051392959,,,106.36849411647817
2026-12-20,Ground Coffee,10.22793101950219,10.188731000469204,21.646918328808653,34.56812533217195,19.687940135378273,91.23982754262374,29.363649477356393,58.619352468867724,,,106.51955813721082
2026-12-27,Ground Coffee,10.37451537284739,10.231385564712548,20.17867298392606,30.244996009979,17.34771920462093,91.26508962438086,25.823627440951615,56.421301891671995,,,106.54628506834638
2027-01-03,Ground Coffee,10.463831876156098,10.232237178921276,19.035439228703225,27.729671603160636,15.796559922387296,91.4087914199036,25.474167664528952,56.17771147165094,,,106.41573218930499
2027-01-10,Ground Coffee,10.489243997845136,10.224291351479957,18.24309241342669,27.504634302813017,15.604425837771002,91.54240673213434,28.03323016086102,56.61145303189205,,,106.2414057259043
2027-01-17,Ground Coffee,10.477617483906124,10.243365167581278,17.664482113664253,28.889248789746865,16.53164326158979,91.54299922379184,31.67164728379042,56.538087592559236,,,106.20760328918696
2027-01-24,Ground Coffee,10.461492991484489,10.298672381817859,17.217707106793938,30.757536991701635,17.635889374223204,91.40891733259024,34.387085944944076,55.86708080180463,,,106.42037505006586
2027-01-31,Ground Coffee,10.45620644880815,10.367322161302937,16.96744644208075,32.28135644659108,17.87995261436562,91.26274801608915,35.17448770875165,55.51330811663015,,,106.80402296687498
2027-02-07,Ground Coffee,10.457093698612555,10.414614206325572,17.038951605581723,33.19196846946905,16.86159914721066,91.24010356321827,34.23249331399372,56.36470718726338,,,107.1350392824845
2027-02-14,Ground Coffee,10.45338258283025,10.421352384276886,17.462410130776547,33.55793195561813,15.150194402488786,91.36383502660004,32.31715832801106,58.26609598400629,,,107.19913911260102
2027-02-21,Ground Coffee,10.442682880378019,10.395612568173341,18.101235801144654,33.47219680837935,13.955387091175623,91.51625052059643,30.004257498778827,59.952074750948,,,106.95540444119361
2027-02-28,Ground Coffee,10.432700859765951,10.361367646313617,18.726731088417107,33.00306362812546,14.32047704120626,91.53656223151982,27.548398758308036,60.032172144020926,,,106.57868140770586
2027-03-07,Ground Coffee,10.430724757638021,10.336346778537289,19.16609167142534,32.38846913369731,16.38720173153947,91.36168730592796,25.361810705464386,58.21624555017044,,,106.34163284075437
2027-03-14,Ground Coffee,10.433238354728179,10.319389215494095,19.392089881052456,32.13910401871899,19.24703521191041,91.08994861483616,24.491549967917685,55.74353389477541,,,106.42172586660934
2027-03-21,Ground Coffee,10.427323096631289,10.297444153502095,19.48508676447215,32.782027162041445,21.487616559151203,90.91192153470033,26.416858730819246,54.62348203879399,,,106.77752226576487
2027-03-28,Ground Coffee,10.40363013140483,10.264034274433309,19.516481353136932,34.36495966596869,22.056523477007755,90.96459058535116,32.07255923324855,56.256598766220286,,,107.18538645669794
2027-04-04,Ground Coffee,10.368938770364297,10.230845895942291,19.46809044502695,36.17158553060273,20.855354082830623,91.22842404603715,40.74328335782855,60.47906325579766,,,107.40437500115387
2027-04-11,Ground Coffee,10.345581822792463,10.220790534196235,19.259608461238763,37.02063470544242,18.6917641881357,91.5490433882986,49.74779402861967,65.69842735572892,,,107.34149132322491
2027-04-18,Ground Coffee,10.356163554384194,10.24805812206094,18.851239192022962,36.05314688322617,16.683297356557993,91.76019255443921,55.388856528771676,69.9150180960247,,,107.09590844448124
2027-04-25,Ground Coffee,10.405201844128847,10.30292308180544,18.31978558681528,33.44514363105078,15.571939767531866,91.80318730298302,54.785826003089085,71.79896211083782,,,106.86052148701367
2027-05-02,Ground Coffee,10.472870247469181,10.355514404356777,17.835027323285225,30.448619265709755,15.413789561648004,91.74791715003957,47.55068950383012,71.09982056833816,,,106.76970292659588
2027-05-09,Ground Coffee,10.526595430195863,10.376548073953472,17.558368220238293,28.643395967925986,15.781095517241713,91.70951633534199,36.277147584792054,68.33175950814942,,,106.81558667011835
2027-05-16,Ground Coffee,10.541845262317691,10.358343852661102,17.55624434728461,28.90910070024926,16.22873933177084,91.74320754022969,25.47681744338694,64.26416207595146,,,106.88957586483642
2027-05-23,Ground Coffee,10.516261326958965,10.319069210231438,17.80094578280954,30.879559769814907,16.628185687844013,91.81113055010664,19.478592074780515,59.74383337470913,,,106.89994921318926
2027-05-30,Ground Coffee,10.467248007622706,10.287299247477723,18.24228975515707,33.28934099247373,17.14406565427809,91.84274280285717,20.371442431160467,55.849967372470225,,,106.858751753661
2027-06-06,Ground Coffee,10.416829840334485,10.280300583010629,18.862611791837956,34.931860984199076,17.949176689056646,91.82227049357805,27.029653783552636,53.902019906552624,,,106.8657336496266
2027-06-13,Ground Coffee,10.377228093080452,10.293908683152273,19.64619399873868,35.47772508998849,18.971347159611117,91.81317668125743,35.69538748320586,54.92137115057555,,,107.00968121349925
2027-06-20,Ground Coffee,10.348310716659796,10.310985647714842,20.488328705627133,35.535563073995775,19.895915345899752,91.89179583473071,41.83572666540242,58.756990669771184,,,107.27749461199062
2027-06-27,Ground Coffee,10.32655826868112,10.319138005568051,21.14852735435036,35.963479697371476,20.398572342660664,92.05277480242205,42.396060623690964,63.64167109679496,,,107.55115798102436
2027-07-04,Ground Coffee,10.315048487556224,10.321059164655745,21.333273819492355,37.03936883705928,20.382894186070022,92.18313793125013,37.37189731578438,66.84297574552167,,,107.69478272703775
2027-07-11,Ground Coffee,10.324087092287435,10.32869859269667,20.88066444395372,38.18175894203228,20.01158341186626,92.1444222049107,29.890210167217436,66.26666893387168,,,107.65718593175443
2027-07-18,Ground Coffee,10.361863764575594,10.348001788610029,19.909038341769417,38.425386077864275,19.519959709882347,91.90141262879673,24.651208363868278,61.984460712592494,,,107.50490431641242
2027-07-25,Ground Coffee,10.424529528129648,10.369913498173373,18.790981562981482,37.2197614304214,18.997024419605395,91.58256074276157,25.398268304639913,56.487084965076015,,,107.36220527580987
2027-08-01,Ground Coffee,10.495939168655294,10.377413086713263,17.940614848976637,34.87091886680299,18.339619681705063,91.40467946139555,32.68731941047958,53.27331302903825,,,107.3130542269217
2027-08-08,Ground Coffee,10.558143486166353,10.362844147452634,17.558715796162005,32.28139663033288,17.41848979106215,91.50858895244684,43.2382756141435,54.62133326933114,,,107.34786697928716
2027-08-15,Ground Coffee,10.603157221342578,10.33898666902889,17.53139717305312,30.255919129384544,16.29617204874988,91.83648078390057,51.42196545866882,60.08037314031644,,,107.39410353972141
2027-08-22,Ground Coffee,10.634765340657333,10.331662089121753,17.567502437788782,28.994673290816205,15.283959281318825,92.15917602807842,52.24868260885481,66.76982139320273,,,107.39558210450572
2027-08-29,Ground Coffee,10.658402414806224,10.358090916642952,17.467763498087336,28.192071779808654,14.764070921011138,92.24386005368703,44.241592736287686,71.27613366266935,,,107.36633000952114
2027-09-05,Ground Coffee,10.66921020763594,10.409320515570018,17.303121459478547,27.589298650725098,14.910223809059483,92.03491316412493,30.47548773888396,71.78150477877855,,,107.37292492466767
2027-09-12,Ground Coffee,10.65165158644195,10.453564105079987,17.34524966680442,27.408106883090543,15.534509176881432,91.70219532392264,17.040916671299904,68.93938394580746,,,107.4665427432891
2027-09-19,Ground Coffee,10.594274622116219,10.46023412046681,17.796507913491567,28.204100623826914,16.190898981650733,91.51279243171408,9.742203626599071,65.01085305262269,,,107.6308080407211
2027-09-26,Ground Coffee,10.508121255892508,10.425863552652704,18.54527130316041,30.23034598735689,16.461990679968448,91.6239270992609,10.97870951589783,62.089097522260516,,,107.79450574336575
2027-10-03,Ground Coffee,10.430576093276125,10.379445835517254,19.1720272396117,32.904629779802406,16.218121770534136,91.96058303042912,18.69357050627452,60.83206381232106,,,107.89640306533471
2027-10-10,Ground Coffee,10.405823901458891,10.360447580396418,19.238934015841437,34.9584559884512,15.674542241584692,92.27555782137856,27.976755353065556,60.56801390088825,,,107.94027366821364
2027-10-17,Ground Coffee,10.452514520519314,10.385672995279931,18.657924550344564,35.28690552020224,15.23820654991324,92.34407537845334,34.210056038627165,60.44558392792643,,,107.98710603971145
2027-10-24,Ground Coffee,10.542906707202093,10.432058956136558,17.84360338333515,33.87445574322244,15.282419544417753,92.13784746989228,35.686909106787844,60.474937939409,,,108.09053519245525
2027-10-31,Ground Coffee,10.612934397108708,10.451256715229643,17.499793448596662,32.00732685202985,15.99903768359146,91.84171197028869,34.08401174207938,61.509371447300616,,,108.23645139780473
2027-11-07,Ground Coffee,10.60094687988471,10.406623231950809,18.161800208712812,31.482924976375152,17.36964359924917,91.70396988346756,32.68296908994964,64.22549571882777,,,108.34684995061839
2027-11-14,Ground Coffee,10.49024663017227,10.304294641844796,19.810670134629902,33.31922968574596,19.190237303101817,91.84402699215784,33.75925466742054,68.08281880686995,,,108.34981538649608
2027-11-21,Ground Coffee,10.325070497179878,10.193271520331205,21.837234610453294,36.912348809343825,21.08314117171024,92.17046740100635,37.01326913522697,71.28547634393642,,,108.25376944799282
2027-11-28,Ground Coffee,10.186907323165348,10.133057386892597,23.38752138423685,40.307226983116934,22.52096176139296,92.46799174880111,40.04078305322138,71.90330307944433,,,108.15420571520929
2027-12-05,Ground Coffee,10.145932734712032,10.152785954403079,23.852432050597738,41.43311564941771,22.953321556366785,92.57361629679345,40.320725340549345,69.28769857125653,,,108.15809242733884
2027-12-12,Ground Coffee,10.22007337666909,10.232591183321414,23.173932782104167,39.439642504102906,22.067549748075386,92.49526719579931,37.160830848363545,64.62027385966185,,,108.28714370765006
2027-12-19,Ground Coffee,10.368437183380435,10.320680559670679,21.787890170413366,35.20484128217704,20.058388814961752,92.38169108198039,32.20029211160068,60.11823802477368,,,108.44765767158903
2027-12-26,Ground Coffee,10.521111119896462,10.372008408165996,20.28836858137416,30.71086094041245,17.678222168054702,92.3802909620396,28.22253684268319,57.51247063155044,,,108.50312983801598
2028-01-02,Ground Coffee,10.622421606407977,10.378548707612063,19.07702148171398,27.797746322786757,15.925078044216136,92.51010648414511,27.26398239392064,56.99416425084991,,,108.39626732285501
2028-01-09,Ground Coffee,10.657919454794172,10.369156384613966,18.230492597105517,27.18724543046139,15.482539639265433,92.65663518477355,29.408937418952632,57.41429862481044,,,108.21646105940982
2028-01-16,Ground Coffee,10.65029444241655,10.381717935851924,17.623597905155027,28.365638144468214,16.264474313344106,92.6854380464195,33.015956925506224,57.47567125821737,,,108.14557206275758
2028-01-23,Ground Coffee,10.63318680349648,10.431459487108627,17.15251014069836,30.22375349830626,17.42076060907614,92.56900868420784,36.00772403595997,56.86314203673217,,,108.31417105525051
2028-01-30,Ground Coffee,10.625853450314542,10.50031855593859,16.857624450609983,31.843976034983356,17.874131393061244,92.41350549220257,37.15431411633104,56.370263301379936,,,108.68101814266674
2028-02-06,Ground Coffee,10.626487755406568,10.553569143556725,16.864956494164336,32.86391211361646,17.06700485607405,92.36273377502127,36.47018575663305,56.979882667429635,,,109.03992700601026
2028-02-13,Ground Coffee,10.62412843294121,10.567713587523134,17.230968987952085,33.31837712740217,15.400006770985605,92.46557794795072,34.674919727511785,58.762806984643454,,,109.16120013752882
2028-02-20,Ground Coffee,10.614309832073065,10.546188342857775,17.847334343339156,33.30943161329964,14.019895171941986,92.62536196892445,32.40894592573137,60.60341143350988,,,108.96510704478463
2028-02-27,Ground Coffee,10.603475233278992,10.511712972675355,18.491329244176015,32.89913680652518,14.0638151066329,92.67826368810687,29.961391105969142,61.035689262919774,,,108.59246944141991
2028-03-05,Ground Coffee,10.599949459101376,10.484565460527284,18.970360701511105,32.279855609998606,15.866743438675414,92.53551767208425,27.670684463741416,59.50790765750871,,,108.31232735314207
2028-03-12,Ground Coffee,10.602464179821228,10.467005584787914,19.23029640499119,31.920966804164042,18.685109912154765,92.26798223271679,26.45998253149513,57.010025788263256,,,108.33200797998033
2028-03-19,Ground Coffee,10.599051415001037,10.446856221272142,19.339978849782153,32.38090995154009,21.134660905210854,92.059708635592,27.785504108088674,55.51048166157824,,,108.65142961129149
2028-03-26,Ground Coffee,10.578590749172795,10.41518248947953,19.380822555673845,33.82663898289577,22.04018582282023,92.06759814208742,32.769113207199815,56.61386981032127,,,109.06973809982014
2028-04-02,Ground Coffee,10.544538979738055,10.380369637234665,19.35193641657635,35.675202299200144,21.116325567627932,92.3024208811993,41.04659546103984,60.459760842481465,,,109.33502441021746
2028-04-09,Ground Coffee,10.517239982450908,10.364612056421954,19.177569216970312,36.77921472204131,19.04159450522712,92.62666721845724,50.254693924695616,65.65238398943552,,,109.32013198575457
2028-04-16,Ground Coffee,10.52072421476443,10.385162022824453,18.80295070798114,36.15853147190888,16.933075352755143,92.86575702111018,56.7572931118668,70.17518247685223,,,109.09368543033058
2028-04-23,Ground Coffee,10.563704847969433,10.436917269785623,18.282610939859765,33.77665795327389,15.637635804746028,92.93671673330412,57.38483692767675,72.52417575673044,,,108.84316583081707
2028-04-30,Ground Coffee,10.630329722120527,10.492409221054965,17.77593646846006,30.729107918226568,15.332396852809612,92.89030131560531,51.22424350769903,72.26321864529953,,,108.72284750536619
2028-05-07,Ground Coffee,10.688840402235495,10.520446313724387,17.453937725840458,28.61468364893965,15.644131243793503,92.84208445183441,40.372042475984955,69.81049878729976,,,108.7507591474445
2028-05-14,Ground Coffee,10.71184308199017,10.508551095024213,17.402835029444198,28.50086824943591,16.097845107178703,92.86334569232625,29.134001222563032,65.91615859569352,,,108.82854775159159
2028-05-21,Ground Coffee,10.692687509405275,10.470941545225573,17.60757949426324,30.244628933045707,16.49933267442128,92.93064964249523,22.039348844060722,61.40674441541372,,,108.8528337311095
2028-05-28,Ground Coffee,10.646142065879856,10.436000845535467,18.016197688561604,32.67989774896415,16.97763515360182,92.97235323377872,21.690172661484628,57.30757211039142,,,108.81503777241026
2028-06-04,Ground Coffee,10.594679030519497,10.424278286998142,18.604693331506525,34.514885993433104,17.727629651112245,92.9583888480369,27.53752476156511,54.917443276575085,,,108.80507037062962
2028-06-11,Ground Coffee,10.55287171455861,10.435314031605557,19.36304730510348,35.23311041680998,18.729332919383832,92.94068267591064,36.18511899540625,55.373522748536615,,,108.92191983250171
2028-06-18,Ground Coffee,10.522367431016784,10.45303644469065,20.208700549491343,35.310120409117374,19.698656853950315,93.00072052960087,43.070336480796215,58.79067798705403,,,109.17400718299395
2028-06-25,Ground Coffee,10.49937858025418,10.46303647306793,20.923504696933843,35.626652100949094,20.292216350252104,93.15268204993178,44.72628198523432,63.678123844541496,,,109.45760046161219
2028-07-02,Ground Coffee,10.485410031096006,10.465275002006054,21.21143352061747,36.60712835674414,20.36309973959184,93.29965414332372,40.548358836075884,67.37611587233775,,,109.63164040407581
2028-07-09,Ground Coffee,10.489957184384892,10.471088077672892,20.87293345663518,37.807891133607285,20.0367803187206,93.29817138791809,33.175546544002984,67.54467006225234,,,109.62459466766774
2028-07-16,Ground Coffee,10.522460727979299,10.488536018083348,19.972039245897765,38.273810585081534,19.55392369623153,93.08675119543985,27.199097848546707,63.80143463541268,,,109.48403950293721
2028-07-23,Ground Coffee,10.581603553667229,10.511208013780927,18.847291826734338,37.3298353547763,19.039810647208554,92.76614046527041,26.72426821273983,58.265028103078365,,,109.3311610931034
2028-07-30,Ground Coffee,10.652898752582937,10.522341611748708,17.925593328357316,35.127961220488075,18.41834060487429,92.54832999333304,32.98261038059765,54.413134303840266,,,109.26324233140957
2028-08-06,Ground Coffee,10.717721850042233,10.511385600770677,17.459816718594816,32.510155121802775,17.547370392311105,92.59978618834948,43.33038984306854,54.893321750786114,,,109.28751997277193
2026-08-16,Ice Cream,5.511200091246298,5.512636305748236,22.33285142237327,36.30500584393425,19.971176099105215,86.5474415659215,33.54770621093119,49.95864110525119,22.271843828503826,,105.44921398736795
2026-08-23,Ice Cream,5.513652794676709,5.516380329926098,22.2733113656558,36.075975815271754,19.39969495175259,86.26549854908981,27.809520014305306,46.34338666027231,21.919662118928724,,105.4420009285823
2026-08-30,Ice Cream,5.516039526076772,5.5303583730304,21.984873620630346,36.66953935207576,19.750337330296972,86.08334531421971,30.53239057748296,42.307199051560325,21.32616979125758,,105.41371334278061
2026-09-06,Ice Cream,5.51718010981973,5.545199407294834,21.436332352476416,38.205411632813195,20.79385165521228,86.05227527764168,38.414949622435365,39.45104462847027,20.351093645251638,,105.43365811237608
2026-09-13,Ice Cream,5.511501403207146,5.54659246186699,20.8714497604578,40.30523157132445,21.857192954602013,86.15811506058532,46.43524280363154,38.47484300744374,19.101921277380885,,105.54325644758725
2026-09-20,Ice Cream,5.498061769013424,5.5315670357895375,20.563810860963823,42.11409676341252,22.197523148634833,86.35287799066867,51.09240003267792,38.931755758607395,17.848573772202236,,105.71334579494996
2026-09-27,Ice Cream,5.485104084759439,5.513642674370667,20.595911440397074,42.74363478606159,21.490649658701475,86.58461593468732,51.84990864623721,39.76742058501357,16.80400499310955,,105.86907728373917
2026-10-04,Ice Cream,5.484525682164545,5.510762723685296,20.841270966355292,41.89228554424138,20.090344576547263,86.80588611237337,50.22914221286518,40.104429454463215,15.951234562701252,,105.9581568477457
2026-10-11,Ice Cream,5.499980682613273,5.526182682879232,21.13676078519879,40.18463291884629,18.8483041341225,86.9707443872531,47.822376831630955,39.68189304897738,15.060917411372172,,105.99726775738888
2026-10-18,Ice Cream,5.519092369057321,5.540339361384443,21.470241579924018,38.906914524208126,18.59181578559128,87.04218537392087,45.0178251333715,38.77986737396464,13.887958719295806,,106.05168469698948
2026-10-25,Ice Cream,5.51811053607524,5.523489156111899,22.008366004956663,39.242685248478885,19.608555672967285,87.01532913257653,41.26613123828572,37.90188654071956,12.388064597925414,,106.1660936499901
2026-11-01,Ice Cream,5.4775038864743255,5.460918217519732,22.93848360656637,41.513795290414606,21.4883460687891,86.93529751251361,36.285909998788085,37.561540044943065,10.777062795413524,,106.31237758337143
2026-11-08,Ice Cream,5.397458581299214,5.370169997370624,24.260830057603517,44.97357820976963,23.414429306920724,86.88252789192249,30.941653077706633,38.23361950925885,9.382674476879224,,106.4072959077248
2026-11-15,Ice Cream,5.301229171429081,5.2943108451151675,25.705834100482274,48.31384772168367,24.676484492467843,86.92318105200522,27.040041978774262,40.253593225447645,8.406322682919285,,106.38901039028579
2026-11-22,Ice Cream,5.223052189070483,5.27396392952642,26.84371217663521,50.51432487544336,25.037234717182358,87.05775974441312,26.339328313694946,43.511135596474915,7.784268024448162,,106.28364723539724
2026-11-29,Ice Cream,5.189002509194096,5.3185968744258165,27.300809346115095,51.40186448078748,24.723772696678676,87.21251056774935,29.65745194422146,47.13236462898847,7.255368155810187,,106.19606304145154
2026-12-06,Ice Cream,5.204320005030136,5.399390066890134,26.92863219273843,51.517908348696,24.113690444347103,87.2895414628733,36.66934137303243,49.58557243095618,6.575896993082091,,106.22423483790399
2026-12-13,Ice Cream,5.2552529692400665,5.469781713879635,25.83214142701211,51.44494922570314,23.405233929424984,87.24292255769387,46.24482730340908,49.43227934047858,5.707153912758113,,106.36849411647817
2026-12-20,Ice Cream,5.322005511575195,5.498271650239546,24.284008769210548,51.17709223940132,22.534764607341486,87.12089210619145,56.78694714084099,46.366927928101575,4.830642023825542,,106.51955813721082
2026-12-27,Ice Cream,5.391408235499658,5.48863051251098,22.619656268002853,50.079714900835484,21.371733267577625,87.03573332494209,66.32494379222663,41.74948229339401,4.19032449023733,,106.54628506834638
2027-01-03,Ice Cream,5.45976564752985,5.472914293603692,21.174741593720718,47.49159769944615,19.983273022148555,87.07956740383335,72.67853781992574,38.02216211088494,3.9000864631989263,,106.41573218930499
2027-01-10,Ice Cream,5.525883373269191,5.48419126869826,20.245018146583853,43.47450282136022,18.712870825670084,87.25064306445502,74.12977617025433,37.19937842455163,3.8742609285416645,,106.2414057259043
2027-01-17,Ice Cream,5.583004968444087,5.531185970680512,20.014298809294367,39.0621240422482,17.98990721835786,87.45030992902886,70.4786267932308,39.43634138064871,3.9288105684011683,,106.20760328918696
2027-01-24,Ice Cream,5.6187313615128165,5.594084452899908,20.450507493718064,35.741444012721715,18.025244974962025,87.55602848234031,63.6553753102113,42.79947841860856,3.956933370493209,,106.42037505006586
2027-01-31,Ice Cream,5.6238905127571135,5.642670718472499,21.25452741064012,34.518268719150704,18.649429938193343,87.51378631472548,57.03794927147768,44.56522937682804,4.025931137767129,,106.80402296687498
2027-02-07,Ice Cream,5.6021958127297715,5.660137814322125,21.959717318573517,35.2758000101119,19.43257817533154,87.37580012572751,53.53719865867076,43.20543840330432,4.315724208987286,,107.1350392824845
2027-02-14,Ice Cream,5.570768091866423,5.652869737255979,22.179459311672492,36.932009593447184,19.992130518183384,87.25281134759483,53.688662692346476,39.59871212001086,4.956578372991254,,107.19913911260102
2027-02-21,Ice Cream,5.5491368327842325,5.639894441620573,21.85784512249945,38.287290381975225,20.24311770706802,87.22038695484257,55.31934007333902,36.49492187538681,5.907027798440649,,106.95540444119361
2027-02-28,Ice Cream,5.544809571628095,5.633431905076658,21.32727284020439,38.911670852805514,20.39873799181807,87.2575235087862,55.32515851810793,36.54976546198819,6.974807423374769,,106.57868140770586
2027-03-07,Ice Cream,5.547611830542369,5.628755291254738,21.089434585817866,39.383449657182716,20.736712103660647,87.2700255313087,52.37273232768271,40.359929396396524,7.960641465072846,,106.34163284075437
2027-03-14,Ice Cream,5.5386217895342975,5.6121129735984265,21.44630411125466,40.69372756565917,21.333080862645637,87.18047638061459,48.35742291351526,45.97562964075284,8.803449857466575,,106.42172586660934
2027-03-21,Ice Cream,5.507504393260589,5.578570037102506,22.248380098879153,43.2826233862671,21.97880952401292,87.00923319678444,47.19934654767019,50.27034357366725,9.609715424512835,,106.77752226576487
2027-03-28,Ice Cream,5.464381836927307,5.542384430676821,22.967519648691155,46.46546647492728,22.333723169978672,86.87531763892852,51.638506301107746,51.13963251101028,10.550797790724136,,107.18538645669794
2027-04-04,Ice Cream,5.43582427684999,5.52906022101523,23.065950077872508,48.7167806293262,22.178609859791315,86.91045875193917,60.48245358000642,48.879283776687494,11.72020701204647,,107.40437500115387
2027-04-11,Ice Cream,5.446786714610584,5.554727513943107,22.39786217588595,48.63554382267574,21.560248165754153,87.15195396082309,68.69962050957304,45.746146546599604,13.067261711816316,,107.34149132322491
2027-04-18,Ice Cream,5.501639639219928,5.610420913581843,21.337676409387345,45.91098029709788,20.730236546868973,87.50066509843259,70.68008659503916,44.116243142878815,14.44936565282504,,107.09590844448124
2027-04-25,Ice Cream,5.578648767810008,5.665543329557962,20.527433845160825,41.614774699237735,19.95509359124415,87.78113181261755,64.42482897624936,44.711133044136886,15.74259747347868,,106.86052148701367
2027-05-02,Ice Cream,5.642260212871734,5.688886737766075,20.42830526163861,37.63424644360159,19.368760426387958,87.86043644681223,53.444093036768166,46.24541680756992,16.909711918698036,,106.76970292659588
2027-05-09,Ice Cream,5.664266947946765,5.67062697565323,21.01703482614744,35.648262013065185,18.977698126007542,87.73581271015345,44.679349341743844,46.67942131524935,17.976539172705092,,106.81558667011835
2027-05-16,Ice Cream,5.638816820248001,5.627605523708612,21.85768012612842,36.30830176051019,18.779497088925016,87.52569584787258,43.755439196393645,44.994920220047206,18.95870041302729,,106.88957586483642
2027-05-23,Ice Cream,5.581754741955739,5.588024190214557,22.484075734964907,39.07425215900004,18.856669677707078,87.37483701172759,51.01426175590331,42.05271230643132,19.824294032308963,,106.89994921318926
2027-05-30,Ice Cream,5.517047211941098,5.568706565141792,22.782165929523906,42.67903254429744,19.343217297267003,87.35001674868982,61.33080981987108,39.88982882626578,20.535119334403184,,106.858751753661
2027-06-06,Ice Cream,5.462012082398914,5.5638824506474265,23.06228187369651,45.8264545014626,20.29182353348597,87.40652941412002,67.91362377108156,40.08871119988673,21.121998403241125,,106.8657336496266
2027-06-13,Ice Cream,5.422014909233941,5.554212240890445,23.7615923422644,47.693396900721986,21.569479053250173,87.44581925429041,67.26355420463696,42.562794030640454,21.70439634359141,,107.00968121349925
2027-06-20,Ice Cream,5.396005852108884,5.5273687185696945,25.01724789649402,48.05460427489732,22.886472049812095,87.41123871012984,61.56265019383082,45.70615087773847,22.409255680902298,,107.27749461199062
2027-06-27,Ice Cream,5.38514021292346,5.491831543937656,26.460011988766464,47.12954670456167,23.941500333540912,87.34109183051645,56.718015836413855,47.71689233573558,23.242682226527048,,107.55115798102436
2027-07-04,Ice Cream,5.395345503963641,5.471751298515927,27.40770811202078,45.35764656003619,24.560239102842615,87.33643937334132,57.59893541419701,47.974064300316556,24.029632850165832,,107.69478272703775
2027-07-11,Ice Cream,5.431541424470826,5.48726950296291,27.323081092334768,43.22710992457726,24.71601572310581,87.47213409052773,64.12317003607866,47.36507982622046,24.496679016535126,,107.65718593175443
2027-07-18,Ice Cream,5.48964466114451,5.537224207947459,26.191909809738075,41.15825376298341,24.439050310924188,87.72486581944172,71.15492872072451,47.3649865446537,24.455743333873905,,107.50490431641242
2027-07-25,Ice Cream,5.554838808823927,5.599014548360036,24.53818480475969,39.41033053402023,23.731964828096128,87.97649407433929,72.24904807522714,48.685723145185804,23.95050483659153,,107.36220527580987
2027-08-01,Ice Cream,5.608920223208011,5.645601465399867,23.071695932911805,38.03951186199349,22.602489098281193,88.08996501426931,64.39631774166993,50.616809297550944,23.24063505468976,,107.3130542269217
2027-08-08,Ice Cream,5.641146597037184,5.665101841886394,22.237155044259598,36.97139125032581,21.197050872815282,87.99946238532554,50.273525488058425,51.56363348162229,22.621392389580606,,107.34786697928716
2027-08-15,Ice Cream,5.653583024984521,5.666691598117742,21.991447554933043,36.17995703416889,19.888082779956257,87.74945626714877,36.476961057418116,50.304345511231205,22.21124045087435,,107.39410353972141
2027-08-22,Ice Cream,5.656608389311905,5.668838415621812,21.943009734717513,35.837795641884455,19.167630070810237,87.46050025091172,29.203882930315544,46.94463871663746,21.87402741340738,,107.39558210450572
2027-08-29,Ice Cream,5.658849526696686,5.681278494396201,21.707990060930456,36.265017802651926,19.35490031379392,87.25462147567063,30.55377504582225,42.853045569426655,21.34025350393856,,107.36633000952114
2027-09-05,Ice Cream,5.660609261219649,5.697104420364794,21.19335548662375,37.643811615242434,20.314553976453656,87.19604283142499,37.881019646526184,39.700346358055896,20.43263890068822,,107.37292492466767
2027-09-12,Ice Cream,5.656460815827724,5.70161084031085,20.608484791792282,39.69552524591302,21.433493638496554,87.28047055009357,46.210647153237844,38.39174608504141,19.214759707991426,,107.4665427432891
2027-09-19,Ice Cream,5.644054601701739,5.688932402747913,20.241724782969737,41.628805847716144,21.944363726651744,87.46329009160061,51.59298076627537,38.66334744442074,17.941836584119688,,107.6308080407211
2027-09-26,Ice Cream,5.630099709555785,5.6700787989165855,20.217932790559075,42.515282569604,21.41838094013896,87.69199865441274,52.96948383330757,39.509695436411754,16.8535515939133,,107.79450574336575
2027-10-03,Ice Cream,5.62664853690098,5.66363530180802,20.43907556634479,41.90957040364135,20.088145044736176,87.91854010456663,51.6338126152691,39.97425725328078,15.979088889935602,,107.89640306533471
2027-10-10,Ice Cream,5.639665744470634,5.676610676523501,20.732438591780745,40.27137952918017,18.748544769042635,88.09668659624322,49.298967934493206,39.67850086356462,15.116278396512039,,107.94027366821364
2027-10-17,Ice Cream,5.6597020354561165,5.693188447312307,21.05083948885732,38.81543632755548,18.274630200353105,88.18644278819369,46.59250093531463,38.827582533516654,14.004856829371981,,107.98710603971145
2027-10-24,Ice Cream,5.664103962748449,5.683718708828572,21.536312399023785,38.80767540430177,19.07550462507146,88.17531662750892,43.05493697650979,37.90673709372911,12.554117047219894,,108.09053519245525
2027-10-31,Ice Cream,5.6312649884251815,5.62902353554889,22.388845066554026,40.76013343822651,20.85581364443295,88.09939680898577,38.2676827455001,37.43415404108617,10.93902117672728,,108.23645139780473
2027-11-07,Ice Cream,5.55714131880922,5.540598534737478,23.653549380091732,44.098263121860825,22.835377695951397,88.03570198167672,32.87239283404999,37.89395164810656,9.484678371341598,,108.34684995061839
2027-11-14,Ice Cream,5.461360235699082,5.458588431553076,25.106193652789575,47.55364274356084,24.249270337796286,88.05728684163346,28.568127475638878,39.66328473520678,8.430368193950269,,108.34981538649608
2027-11-21,Ice Cream,5.377574655662776,5.426475350527242,26.33081668787465,49.99730975597499,24.764687823907714,88.17871405797331,27.201644138402898,42.739726835639715,7.760890053357266,,108.25376944799282
2027-11-28,Ice Cream,5.334596243684561,5.4606446095834205,26.928108212793852,51.09317633754822,24.543127799415306,88.33735005872838,29.795756400152076,46.39572519078619,7.236867509804328,,108.15420571520929
2027-12-05,Ice Cream,5.3416917773066395,5.5383114714789725,26.70291596331391,51.2950948961457,23.96337452679604,88.43403233051949,36.2135488543676,49.17956509043054,6.594428361774753,,108.15809242733884
2027-12-12,Ice Cream,5.387744537262093,5.613704528699216,25.719073006566443,51.234551695867985,23.270919414618444,88.40871593974869,45.43729776202744,49.558971355951584,5.751185328675042,,108.28714370765006
2027-12-19,Ice Cream,5.452936353804781,5.650489445324185,24.22769277946068,51.03494540345704,22.440878651918617,88.2928269810003,55.940855365706646,46.96129698599146,4.857150450327566,,108.44765767158903
2027-12-26,Ice Cream,5.522358112446672,5.6458294012947015,22.558986138572532,50.14430678539536,21.333489924987457,88.19251619348745,65.81727309425942,42.456612664248915,4.160621488890881,,108.50312983801598
2028-01-02,Ice Cream,5.590932192044966,5.628391055866206,21.05139413695943,47.846274691975786,19.966937198547924,88.21019448911818,72.89204637728378,38.38759247834184,3.808860558486515,,108.39626732285501
2028-01-09,Ice Cream,5.657722679871835,5.6333004531296815,20.011644476924815,44.03391975305995,18.642397423851165,88.36360575685512,75.29054208612328,36.96900178211639,3.748782206610656,,108.21646105940982
2028-01-16,Ice Cream,5.7172760216604965,5.674687072576695,19.650945710429866,39.58447830472489,17.796343060491097,88.56778353702835,72.470186791039,38.750420134216576,3.80113029925206,,108.14557206275758
2028-01-23,Ice Cream,5.75774150968873,5.737002496554854,19.98257412549185,35.969179811818016,17.69766400005416,88.69718809394152,65.98717025153567,42.11533209186803,3.8341637605806493,,108.31417105525051
2028-01-30,Ice Cream,5.768537037705264,5.790012473852588,20.752945396561895,34.344601203910536,18.2442673652321,88.68043780518116,59.07635740343782,44.33705266157683,3.8840161847286208,,108.68101814266674
2028-02-06,Ice Cream,5.750679491862522,5.813202438629142,21.51027259984198,34.80845896623091,19.032771801478336,88.5519485867072,54.894520858935486,43.54419112034291,4.121169120898362,,109.03992700601026
2028-02-13,Ice Cream,5.719423227639678,5.809065111921977,21.832646814621054,36.402373570920545,19.648747458318372,88.41852438370947,54.48749552376163,40.170385225123084,4.696768631486881,,109.16120013752882
2028-02-20,Ice Cream,5.694992022741455,5.795786892743196,21.59314668787387,37.87328730718491,19.945674418633953,88.36846034839937,56.09054260850759,36.74881784764479,5.603124910974598,,108.96510704478463
2028-02-27,Ice Cream,5.687846988441081,5.788022219375497,21.063343367897673,38.61123473389425,20.095821402387443,88.39893562833046,56.567388341632224,36.1188322557131,6.666656161751936,,108.59246944141991
2028-03-05,Ice Cream,5.690724826135114,5.783996788495261,20.740591511005363,39.03690898417907,20.38729236613934,88.4233521551978,54.09778580529679,39.3366244510807,7.6768340124548855,,108.31232735314207
2028-03-12,Ice Cream,5.685072217360293,5.770332352600543,20.988047564095115,40.13760593866985,20.945476682013215,88.35394010470705,50.00731442725927,44.85383421381013,8.541462601723154,,108.33200797998033
2028-03-19,Ice Cream,5.657804012892392,5.739321728880337,21.74208852184347,42.51443293252816,21.606888979936677,88.19066234945723,48.05747557544449,49.595188672586204,9.341561541658441,,108.65142961129149
2028-03-26,Ice Cream,5.615168135549344,5.701823341896026,22.521210021022554,45.68909432020463,22.036291608453684,88.03925073149927,51.45196932758194,51.128974127943565,10.247913288897877,,109.06973809982014
2028-04-02,Ice Cream,5.581844464596688,5.6826769271426585,22.7563621350429,48.22792949894635,21.976861000802867,88.03762859064047,59.79573502012288,49.29909485383718,11.37617249269287,,109.33502441021746
2028-04-09,Ice Cream,5.584657939487032,5.701232732910507,22.211384881218695,48.6263957807192,21.4264805912586,88.24584062887789,68.57818345685449,46.1227554705756,12.700711623134255,,109.32013198575457
2028-04-16,Ice Cream,5.6325840011419075,5.753392511442025,21.176202990276078,46.332102298500594,20.61251210931926,88.58752264574812,71.9687981752405,44.108775253362005,14.087560770151473,,109.09368543033058
2028-04-23,Ice Cream,5.708112804459783,5.811227757119499,20.276569316449123,42.18905587465373,19.813036114202653,88.89272706543018,67.08128331541342,44.35176817928921,15.402098223300511,,108.84316583081707
2028-04-30,Ice Cream,5.776667952028017,5.841781011864453,20.036769948614506,38.00938406234686,19.190068914260497,89.01241818158012,56.47920767492703,45.870650880551565,16.59075149520491,,108.72284750536619
2028-05-07,Ice Cream,5.807266806156411,5.830382568557083,20.526636052137125,35.58340352088189,18.76583262848448,88.9181099916548,46.80141171637829,46.625007489561725,17.673137733799027,,108.7507591474445
2028-05-14,Ice Cream,5.7896243421461016,5.789732119269984,21.36164294276721,35.779501354524704,18.52997978577992,88.71183121528894,44.2711953492349,45.309311121433744,18.671494485663715,,108.82854775159159
2028-05-21,Ice Cream,5.736460101121029,5.747717668559328,22.04809650913519,38.25053166127116,18.54817896725561,88.54224809727738,50.31888155541212,42.456734308851125,19.56155291636376,,108.8528337311095
2028-05-28,Ice Cream,5.671514808331636,5.724559128995097,22.392154702515196,41.80834091841424,18.953493635874274,88.49528874220206,60.60862577934225,40.00353287962229,20.30054790840874,,108.81503777241026
2028-06-04,Ice Cream,5.6140380917632395,5.718424547096932,22.641234409386648,45.11523791356492,19.823481910510765,88.54421669053414,68.26431707323829,39.73205853231849,20.90284517436444,,108.80507037062962
2028-06-11,Ice Cream,5.571371900261011,5.710995180080983,23.24217983959031,47.243604980671556,21.060604574591373,88.59307965410898,68.90856854832535,41.88682667223524,21.47524868727514,,108.92191983250171
2028-06-18,Ice Cream,5.542929922137372,5.687247043164692,24.41120309404657,47.86736096134562,22.394588194156253,88.57169246132925,63.728545981226425,45.05857823285001,22.152814838270814,,109.17400718299395
2028-06-25,Ice Cream,5.529026656616384,5.6517302740575,25.866874143996554,47.14342774103085,23.51394623274386,88.50127515522989,58.277201462357496,47.36340669554544,22.971120256361495,,109.45760046161219
2028-07-02,Ice Cream,5.534962038818161,5.627004403891106,26.952978283920164,45.48662589724661,24.21602188122359,88.47742791583241,57.971561354447715,47.90594633336915,23.785725084770164,,109.63164040407581
2028-07-09,Ice Cream,5.566480080166583,5.635515148411008,27.07150339263249,43.386012578132856,24.45235385819628,88.58647543619941,63.75126092520709,47.34188125654319,24.32871521898786,,109.62459466766774
2028-07-16,Ice Cream,5.621498974083811,5.6805118792468425,26.10129549390855,41.28146232672016,24.251279185647295,88.82493090190913,71.19423153726892,47.14369731582126,24.382883349081425,,109.48403950293721
2028-07-23,Ice Cream,5.686811564500849,5.742337597169367,24.487852434696073,39.466423356009415,23.6220405890193,89.08756700975457,73.7198629846879,48.240051554886804,23.946083802850904,,109.3311610931034
2028-07-30,Ice Cream,5.744003490998665,5.793134989608517,22.942738538815377,38.03191706261991,22.56315957452556,89.23352595554051,67.43161265715842,50.16856611050935,23.249030343674377,,109.26324233140957
2028-08-06,Ice Cream,5.780346299591472,5.81733774423854,21.98428924267729,36.915697773855314,21.186146143429273,89.17930302573882,54.00774871032575,51.40854192971041,22.597665927756022,,109.28751997277193
2026-08-16,Laundry Detergent,12.447205314993504,12.813746974528174,25.244509368162394,52.49029520986048,28.855269850416942,93.04048603093338,33.13354328794558,,,131.62514893423625,
2026-08-23,Laundry Detergent,12.550632351367334,12.82139393161621,24.96825413475982,50.010609613254765,27.40579313692443,92.86358327171375,30.094850763633957,,,131.690171272335,
2026-08-30,Laundry Detergent,12.648633523201946,12.824890903135348,24.590967752961305,47.95331538994284,25.16628900296755,92.81904048558191,27.459850931957938,,,131.7346305761316,
2026-09-06,Laundry Detergent,12.704099425250048,12.840741966390798,24.359942129602903,46.641825283511274,23.005167420931674,92.98632115698584,28.94963797201588,,,131.76499317416682,
2026-09-13,Laundry Detergent,12.691736783756836,12.861531632968711,24.544275790132726,46.15171867176101,21.884304178169497,93.30852272318144,33.740136182618315,,,131.79426837387618,
2026-09-20,Laundry Detergent,12.624495760458137,12.869999502948938,25.09768306503932,46.38529769100872,22.1533060261708,93.63281915334854,37.46644387422982,,,131.83583927433148,
2026-09-27,Laundry Detergent,12.555293321410407,12.863455917716703,25.59016427340027,47.07148889637239,23.32514050871771,93.82486411284228,36.33676138979299,,,131.8973380006057,
2026-10-04,Laundry Detergent,12.54617619269794,12.863072279659374,25.518300997655334,47.745949202734906,24.49598071319222,93.86396235910514,30.578290473834606,,,131.97772468239347,
2026-10-11,Laundry Detergent,12.621864272646327,12.895349858999285,24.765585368205706,47.89614386662124,25.055555171441828,93.84386389240217,24.13391811313806,,,132.06913051177767,
2026-10-18,Laundry Detergent,12.740204863007046,12.959370188718605,23.82175799756654,47.33504214471746,25.120815426828308,93.88249464574481,20.950072340509678,,,132.1622140892878,
2026-10-25,Laundry Detergent,12.804990156514796,13.01025951975303,23.535123882227065,46.57234313287911,25.371776529240673,94.01736403527799,21.293421712585783,,,132.25144389242797,
2026-11-01,Laundry Detergent,12.719484826600342,12.980180501065556,24.540815074051643,46.78201825070586,26.453767005533326,94.17240121038574,21.546797473693736,,,132.33666261141553,
2026-11-08,Laundry Detergent,12.449963202529561,12.828153258610945,26.780554102733173,49.16217718961653,28.435510769860745,94.22144970862679,17.81863030534421,,,132.41993984253233,
2026-11-15,Laundry Detergent,12.058487278458472,12.582953426408318,29.477842622685856,53.97247724456111,30.73134682256697,94.09498868425176,10.187125932432629,,,132.50041930090845,
2026-11-22,Laundry Detergent,11.681404031315493,12.342787995923732,31.592731594826365,59.92957282498135,32.50458316572469,93.8437956469055,3.6262106257905167,,,132.57180623882942,
2026-11-29,Laundry Detergent,11.46377722187425,12.224669374183998,32.4237964204976,64.5519910571413,33.203755699419844,93.61034485944298,4.410727383596981,,,132.62548736277614,
2026-12-06,Laundry Detergent,11.487615769087077,12.294296808234371,31.93393358131698,65.43638990732677,32.82956056771594,93.53251927723947,14.770561584540264,,,132.65786267750272,
2026-12-13,Laundry Detergent,11.734976638829606,12.524317360425757,30.612969051407088,61.7279448944624,31.79390055982405,93.65416918800372,30.311375326507136,,,132.67651876706844,
2026-12-20,Laundry Detergent,12.104448713308587,12.810686842345065,29.05016045373616,54.786843037519475,30.562474396116567,93.90586435980148,42.63059266178776,,,132.6996861751785,
2026-12-27,Laundry Detergent,12.467091541402734,13.036203533870884,27.579996616443722,47.51771270831687,29.39330622487442,94.16112140976388,45.29296846832581,,,132.7476929164948,
2027-01-03,Laundry Detergent,12.726944316885158,13.137480844112225,26.246845386174897,42.73323315343184,28.329548576582624,94.31852418286614,38.4653987346142,,,132.83106224433854,
2027-01-10,Laundry Detergent,12.85362650226568,13.131028515465243,25.031834536926855,41.61173321955406,27.35252848051953,94.35054879037408,28.504094610816278,,,132.94308420387776,
2027-01-17,Laundry Detergent,12.875733610667833,13.085291302681922,24.068184711458354,43.254110662230545,26.489235373831228,94.29617870958053,22.865509102472732,,,133.06240090210605,
2027-01-24,Laundry Detergent,12.847689163483103,13.064072134366299,23.61850775862299,45.56987134479525,25.777698659435895,94.21995336178571,24.490671457553372,,,133.16463657425143,
2027-01-31,Laundry Detergent,12.814309707118424,13.083947029488405,23.839105679307078,46.79614536040741,25.18551398572288,94.17634348033894,30.143271962332854,,,133.23590117020643,
2027-02-07,Laundry Detergent,12.79219090250008,13.113097634932931,24.57404509098549,46.562127207281755,24.640704282246066,94.19808415497903,33.81559125343691,,,133.27961845069734,
2027-02-14,Laundry Detergent,12.772338069138742,13.105644746357456,25.40510669012137,45.82510134737737,24.198129450143743,94.29695301494911,32.1090247000671,,,133.31266646181143,
2027-02-21,Laundry Detergent,12.735714539235639,13.04074756642244,25.94753716488325,45.87677816652443,24.169149574870602,94.45747258919135,26.98246520677401,,,133.3540326445063,
2027-02-28,Laundry Detergent,12.669562142663786,12.937031608595268,26.141815233648394,47.27040260501811,25.005554331962905,94.62407825339284,23.662431308097208,,,133.41389675133004,
2027-03-07,Laundry Detergent,12.576491564779198,12.836011305216724,26.27197508378826,49.4751448021547,26.928204898939143,94.70541334726124,25.715747131299917,,,133.49001046585587,
2027-03-14,Laundry Detergent,12.474695892603496,12.772411759802267,26.670951435715256,51.414478513451606,29.566927520247578,94.61556840812018,31.685417947043774,,,133.57250890588932,
2027-03-21,Laundry Detergent,12.391496232213774,12.755706653303866,27.356776107402187,52.34401824114216,31.963274568740655,94.33807772435257,36.25675413170739,,,133.65232579086666,
2027-03-28,Laundry Detergent,12.353265371566373,12.773492567763865,27.927052335941287,52.326106340344936,33.05399927818386,93.96465229286925,34.93193590082096,,,133.72656699373164,
2027-04-04,Laundry Detergent,12.37481478843097,12.807814663487523,27.83620641967333,51.97607108776409,32.35572313824823,93.66415914077166,28.11067126223235,,,133.79751883163001,
2027-04-11,Laundry Detergent,12.451965146506058,12.84734666928845,26.853152880328032,51.796312018487676,30.3430352144053,93.58554016999148,20.965410160980518,,,133.86745433289985,
2027-04-18,Laundry Detergent,12.56112285317844,12.886556805844888,25.32463404734841,51.73221576762703,28.182279019506133,93.75621324321682,19.136591124264015,,,133.9346095582094,
2027-04-25,Laundry Detergent,12.667321001926089,12.917745299024448,24.007589737424546,51.33538918821445,26.95930505318917,94.05413679779251,23.91461868326563,,,133.99424302456418,
2027-05-02,Laundry Detergent,12.73757649806671,12.928451785973582,23.57753952144032,50.35089643206895,26.954004660353032,94.28502785641197,31.068814287884052,,,134.04399437755066,
2027-05-09,Laundry Detergent,12.75271360819194,12.909521539555804,24.1862428474072,49.160987342627664,27.51613597977845,94.31671926381533,34.3832436905663,,,134.0887753851107,
2027-05-16,Laundry Detergent,12.71147529035602,12.866105408145138,25.407054435872748,48.64498757245458,27.65178637608971,94.17299605435319,30.91572525394687,,,134.1404116441878,
2027-05-23,Laundry Detergent,12.625996101022682,12.818609035533601,26.59609943357681,49.53206108769674,26.872881022318545,94.01353115966695,23.485991537578865,,,134.21122481834598,
2027-05-30,Laundry Detergent,12.513612394453583,12.789060129810327,27.36755345127505,51.77796405724623,25.64032354736208,94.01103478946207,18.23840052561505,,,134.30557545335117,
2027-06-06,Laundry Detergent,12.391586791301476,12.782990315985122,27.803812825874722,54.49842147202064,25.038221579519462,94.2170361985835,19.33124257242562,,,134.41533130926226,
2027-06-13,Laundry Detergent,12.277196424992413,12.783531754150165,28.255826532486335,56.54140470195435,25.921842871447566,94.51906660716872,25.285007835129335,,,134.52281049596948,
2027-06-20,Laundry Detergent,12.189555257461457,12.765508030821293,28.934010250331536,57.2603813122902,28.205491257277934,94.7227061955643,30.143923386546465,,,134.60977588205574,
2027-06-27,Laundry Detergent,12.147371655237082,12.719649542033428,29.655478814093886,56.892996321702945,30.85454842237095,94.69515746811457,28.525778265014367,,,134.66709883064138,
2027-07-04,Laundry Detergent,12.161093776238236,12.666359769389386,29.964946973891358,56.27490739573843,32.59402223267246,94.45939736549506,20.31907583155325,,,134.6994041119677,
2027-07-11,Laundry Detergent,12.224934529106031,12.645291256689728,29.518120495031123,56.14562765767542,32.78358710613881,94.16787479458829,11.05355673748457,,,134.7222802374968,
2027-07-18,Laundry Detergent,12.317129393631989,12.686782124847158,28.391376070074028,56.59884931186399,31.786064232901296,93.98038359386008,7.59467502358655,,,134.75405927388493,
2027-07-25,Laundry Detergent,12.411536915889396,12.787366337820327,27.050057954481233,57.07258534328824,30.567926056563227,93.94540835013856,12.722737711805433,,,134.80690773381704,
2027-08-01,Laundry Detergent,12.493760781634117,12.909661566055998,26.005264199281356,56.82490551399976,29.88104738150618,93.97831993254658,23.055038152201142,,,134.8817146247607,
2027-08-08,Laundry Detergent,12.569027853710951,13.007618835710842,25.45517366670451,55.483104211078675,29.692442937568835,93.94921804380898,31.929157521851224,,,134.9687422081133,
2027-08-15,Laundry Detergent,12.653662130695162,13.057295076980951,25.2119883486373,53.26151022013694,29.304732056764607,93.80426708140922,34.72764743404714,,,135.0530344257025,
2027-08-22,Laundry Detergent,12.755087591978274,13.06880922939975,24.958595933694404,50.761989162254395,28.03764770995395,93.61923444573362,32.19034949823183,,,135.12166963555626,
2027-08-29,Laundry Detergent,12.856615137145308,13.07117444550943,24.587571215358974,48.597258838773854,25.890427102375728,93.54180898808505,29.109635597334048,,,135.1695895743843,
2027-09-05,Laundry Detergent,12.922296664550203,13.084728269552123,24.306267849219687,47.14106227091499,23.63690200263901,93.67140143303716,29.77952445844094,,,135.20163293848898,
2027-09-12,Laundry Detergent,12.922412185161242,13.105948246917963,24.407591282829642,46.50700678850882,22.28018006866288,93.97567946586425,34.24346700091998,,,135.23004165356468,
2027-09-19,Laundry Detergent,12.86200759675197,13.117504908204488,24.917708746205133,46.62563273598042,22.314831705496054,94.31161886121365,38.514784765946544,,,135.268627617905,
2027-09-26,Laundry Detergent,12.788267940552958,13.11268932586006,25.462094696100515,47.25996595921291,23.388926469005284,94.53272731419126,38.37288912896669,,,135.3263907950962,
2027-10-03,Laundry Detergent,12.764956539606759,13.10899297394431,25.515953082621166,47.976558314987656,24.621838675025835,94.59475211694456,33.22288392427476,,,135.40384289430472,
2027-10-10,Laundry Detergent,12.826555511077961,13.134320647912126,24.86588627200369,48.24940249157151,25.30437307164695,94.57571415974382,26.551647030179836,,,135.49400489622877,
2027-10-17,Laundry Detergent,12.94330100765044,13.194738730796358,23.89771252201237,47.80092380283599,25.417759423932672,94.59777457399835,22.63149243085621,,,135.58735334841197,
2027-10-24,Laundry Detergent,13.025619177758484,13.252849276364836,23.432915503339824,47.00224398873554,25.57835154955057,94.71810513049992,22.529101598548426,,,135.67742034454554,
2027-10-31,Laundry Detergent,12.971945562534987,13.241727656132825,24.18861864269816,46.938767077436935,26.486003782386664,94.87873748426941,23.140077895521237,,,135.76319955596074,
2027-11-07,Laundry Detergent,12.733537148728798,13.111687153131605,26.248027613389446,48.87322095580056,28.33434069743077,94.95473913576276,20.27092540358428,,,135.8467416224665,
2027-11-14,Laundry Detergent,12.35529180614839,12.877505112658916,28.940589011363564,53.29741009751114,30.635738806432236,94.85953977958322,13.088358949480968,,,135.92803202188563,
2027-11-21,Laundry Detergent,11.964220309621274,12.627464168409984,31.227475103942307,59.20984469356239,32.556824185838344,94.62176548198994,5.841181337862562,,,136.0016907693828,
2027-11-28,Laundry Detergent,11.70951514176532,12.480422492828119,32.31044980455847,64.27008071505351,33.46395832820855,94.37346683168354,4.9730545825940915,,,136.05904734632279,
2027-12-05,Laundry Detergent,11.688581244219481,12.515706673434881,32.03085285075083,65.9450423686766,33.25875040166597,94.26117313111679,13.758584690282797,,,136.09503525039017,
2027-12-12,Laundry Detergent,11.901649195387416,12.723162842089554,30.811903468933185,63.019831373707255,32.3038823407612,94.34942248284229,28.945273686726246,,,136.11503877808767,
2027-12-19,Laundry Detergent,12.25885156600383,13.0086866961536,29.257878983673155,56.469156096752684,31.080930431086486,94.5866377162668,42.450563513775364,,,136.13581308703525,
2027-12-26,Laundry Detergent,12.631352232874631,13.251931841708954,27.761640089243688,49.025609349501565,29.8929365260832,94.85037407306804,47.04370173622971,,,136.17818584099624,
2028-01-02,Laundry Detergent,12.913806647169901,13.37640088042261,26.4073112518305,43.64997572253112,28.812116343375987,95.0296083591529,41.57491686587345,,,136.25520604200804,
2028-01-09,Laundry Detergent,13.063526747372903,13.384970859277216,25.167173178072854,41.885377761677404,27.8192554913521,95.08262417900443,31.57315565344293,,,136.36337029946355,
2028-01-16,Laundry Detergent,13.100542467243914,13.340687310987803,24.140739518795566,43.172435209673665,26.931905074963815,95.03909592276986,24.763783805464875,,,136.48327670308925,
2028-01-23,Laundry Detergent,13.07751788738355,13.312234209301074,23.5810888949965,45.525997038275605,26.19305391082917,94.96219852642812,25.170873641372864,,,136.59003039708446,
2028-01-30,Laundry Detergent,13.042985080504023,13.326023007871644,23.68328955303602,47.02033197843904,25.585367343608986,94.90973870258964,30.53730951551429,,,136.6670838823535,
2028-02-06,Laundry Detergent,13.018941826538121,13.357060348954848,24.352435932785543,47.005583678724186,25.03430551719,94.91833433730015,34.949660595944955,,,136.71474555765866,
2028-02-13,Laundry Detergent,13.000030536427131,13.358776586342353,25.200238754481248,46.25697528013005,24.558296623746926,95.00360423968087,34.214204226428436,,,136.74819795185928,
2028-02-20,Laundry Detergent,12.967690485927887,13.303842754690733,25.810244003527536,46.09583806161963,24.422537505097896,95.15591362042744,29.349765998241992,,,136.7869775227899,
2028-02-27,Laundry Detergent,12.907112575355269,13.204287629826766,26.05331539809795,47.260325269245946,25.075740750818106,95.3274165139403,25.33264377657078,,,136.84336738913248,
2028-03-05,Laundry Detergent,12.817908571951996,13.099683199107256,26.166582105944958,49.39519299295956,26.81172336515041,95.43124718180027,26.37531423258264,,,136.91719221025386,
2028-03-12,Laundry Detergent,12.71581073610616,13.02790133652795,26.503570893436788,51.456288700883995,29.37978473806111,95.37598513029724,31.97450410377069,,,136.99934183244088,
2028-03-19,Laundry Detergent,12.627183700355658,13.003288104999138,27.157181909800613,52.58553243058864,31.903498090191214,95.12845375905003,37.21861884526683,,,137.08005172991616,
2028-03-26,Laundry Detergent,12.579376419496413,13.016297229859036,27.789920478076873,52.69958526997064,33.28760950109862,94.76099538119544,37.08631884916355,,,137.1552129711394,
2028-04-02,Laundry Detergent,12.589955901330395,13.048752527338344,27.84869578169142,52.36001028681984,32.9020763244279,94.43444625253571,30.96551260902756,,,137.22651055091922,
2028-04-09,Laundry Detergent,12.65840787699129,13.087829175810429,27.016619582546397,52.136236426132704,31.050102144075126,94.30973105849156,23.40460396847039,,,137.29662103038734,
2028-04-16,Laundry Detergent,12.764247426691565,13.12750419933588,25.536391774623755,52.07962569576462,28.82224830169586,94.4409755241218,20.36202027923351,,,137.3645901351226,
2028-04-23,Laundry Detergent,12.87363481988649,13.16095269784359,24.12245053665712,51.77479069137915,27.381965715231683,94.7300188292362,24.13468700778955,,,137.42589100061087,
2028-04-30,Laundry Detergent,12.95222166179118,13.176247555139199,23.504299901693344,50.887592361728004,27.184355952411472,94.98610030600956,31.334976096959995,,,137.47729027383795,
2028-05-07,Laundry Detergent,12.977792262796903,13.162743693218804,23.944997450423415,49.67753262704748,27.7196348394839,95.05659218248661,35.704338288212966,,,137.5222354479873,
2028-05-14,Laundry Detergent,12.946010951694634,13.122537315359173,25.10418049284932,48.97331654589101,27.991589556444758,94.93519862266874,33.402857408743465,,,137.57164260266399,
2028-05-21,Laundry Detergent,12.867210059202302,13.073943057415228,26.339725181184257,49.58579781406305,27.36977660376813,94.76424176013273,26.261342186823903,,,137.63838537945648,
2028-05-28,Laundry Detergent,12.758336168642192,13.040120341355733,27.192769580279872,51.634219223525726,26.146971052666917,94.72514827844604,20.191987550411707,,,137.72876259635194,
2028-06-04,Laundry Detergent,12.636796400780934,13.030524652742015,27.665750589259787,54.357424065329546,25.350837608727034,94.8978654608106,20.083294978495342,,,137.8368839584383,
2028-06-11,Laundry Detergent,12.519700224651759,13.031803716917386,28.090319726771604,56.591952175119324,25.943334073950666,95.19646728549154,25.529887174267387,,,137.9462316234112,
2028-06-18,Laundry Detergent,12.425820953746298,13.018530010127986,28.72952510214576,57.555379206358666,28.031673212083636,95.43099951225877,31.072726522581757,,,138.03789378673932,
2028-06-25,Laundry Detergent,12.374388219024896,12.977013109788418,29.4731145491104,57.329776348594464,30.714600521166474,95.44794211330623,30.80743475369149,,,138.10057269639117,
2028-07-02,Laundry Detergent,12.378020693945585,12.922377665801518,29.890078319703527,56.68989419515695,32.690937456621164,95.24064416242446,23.498615067095862,,,138.1364301370333,
2028-07-09,Laundry Detergent,12.434140873856817,12.89264761655409,29.586706629115188,56.44417192943738,33.15847411541394,94.94568115211665,13.87904402891912,,,138.15959751045244,
2028-07-16,Laundry Detergent,12.52328163513261,12.922073781925857,28.55514889062231,56.82001371658351,32.309390302551506,94.7318494478225,9.005705872656694,,,138.18861885125207,
2028-07-23,Laundry Detergent,12.618873221447606,13.014089976829654,27.21037048251546,57.347441769945824,31.05864513897557,94.67265425010271,12.682518094397865,,,138.2372897768313,
2028-07-30,Laundry Detergent,12.703441858698174,13.136081344609536,26.085949720253662,57.27203381312154,30.25391790912003,94.7033610029119,22.547346208045195,,,138.30863369317774,
2028-08-06,Laundry Detergent,12.778842031125059,13.24109364859355,25.452038113816233,56.12622037746632,30.0153101324137,94.69279097216986,32.14573757521005,,,138.3945193975192,
